TYP	Street #	CP	Str Name	Sfx	Unit #	City	State	Zip	Area	County	Subdivision	GS Dist	HS Dist	Tot # Units	Type DE/AT	# Stories	Yr Blt	MLS #	Stat	Contingency	Orig List Pr	LP/SP	Sold Pr	List Price	FIN	Short Sale/Foreclosed/Court Approved	SP:LP	SP:OLP	MT	LMT	PIN	Mult PINs	Addl Tax Info	% Common	Taxes	Tax Exemps	Tax Year	As/Asc Dues	MAF	Master Association Fee($)	Spec Assess	Special Service Area	Special Service Area Fee	Unit Fl No	Model	ASF	SF Source	Total SF	Main SF	Aprx Total Fin SF	Exposure	# Rms	Beds	All Beds	Bsmt. Beds	# Full Baths	# Half Baths	Baths	# Interior Fireplaces	#GSp	Garage Type	Bsmt	Basement Description	Remarks	Agent Remarks	# Parking Spaces	Air	Heat/Fuel	AAG	Interior Property Features	Is Parking Included in Price?	Appliances	Amen	Com Ar Amen	Asses Incl	Management Company	Management Contact Name	Management Phone	% Own Occ	Can Owner Rent	Parking Fee/Lease $	2nd Bdr Flr	3rd Bdr Flr	4th Bdr Flr	Deeded Garage Cost	Deeded Parking Cost	Din Flr	Equipment	Fam Rm Flr	Kit Flr	Liv Rm Flr	Mast Bd Bth	Mast Bd Flr	2nd Bdr Sz	3rd Bdr Sz	4th Bdr Sz	Mast Br Sz	Liv Rm Sz	Kit Sz	Fam Rm Sz	Din Sz	Additional Rooms	Bth Amen	Din Rm	Exterior Property Features	List Date	Contract Date	Off Mkt Dt	Closed Date	Acreage	List Office Nm	LO	List Agent	LAG	Co-list Nm	Co-Lister	List Off. Ph.	List Dt Rcvd	List Agent Ph.	Selling Off. Nm	SO	Selling Agent	SAG	Selling Agent Ph.	Coop Comp	SCI
AT	3440	N	LAKE SHORE	DR	7B	Chicago	Illinois	60657	8006	Cook		299	299	218	Condo		1955	07163669	CLSD		209900	195000	195000	199000	Conventional	N/A	98%	93%	56	56	14213070471058				1405.26	None	2007	598	No		No			7		800					E (East), Lake/Water	4	1	1	0	1		1	0	1		None	None	SPACIOUS NEWLY RENOVATED 1BR IN FULL AMENITY BUILDING. HUGE PRIVATE BALCONY OVERLOOKING LAKE MICHIGAN & BELMONT HARBOR. SUNNY CONDO FEATURES BAMBOO HWD FLOORS, GREAT KITCHEN WITH FORMAL EAT-IN DINING ROOM. HUGE LIVING ROOM WITH LARGE UPDATED BATH, AND TONS OF STORAGE AND CLOSET SPACE. AMAZING LOCATION IN HEART OF LAKEVIEW, STEPS FROM LAKE, SHOPPING, RESTAURANTS, AND ENTERTAINMENT. VALET PKTG, NO WAIT LIST. MUST SEE!!	EASY TO SHOW!		Central Air	Gas				Oven/Range, Microwave, Dishwasher, Refrigerator		Bike Room/Bike Trails, Door Person, Coin Laundry, Elevator, Exercise Room, Storage, On Site Manager/Engineer, Pool-Outdoors, Service Elevator	Heat, Air Conditioning, Water, Gas, Common Insurance, Security, Doorman, TV/Cable, Exercise Facilities, Exterior Maintenance, Lawn Care, Scavenger, Snow Removal												Hardwood			Ceramic Tile	Hardwood	None	Carpet				15X12	21X14	10X08		9X9			Separate	Balcony	03/18/2009	05/12/2009	05/12/2009	07/06/2009		Berkshire Hathaway HomeServices KoenigRubloff	10988	Jennifer Mills	121063	Tracy Hoggatt	175237	(312) 944-8900	03/18/2009	(773) 914-4422	Coldwell Banker Residential	10115	Al Michel	147157	(312) 493-1927	2.5%-$150	None
AT	3440	N	LAKE SHORE	DR	14E	Chicago	Illinois	60657	8006	Cook		299	299	218	Condo		1957	07369111	CLSD		139900	100000	100000	99900	Conventional	F	100%	71%	265	147	14213070471145				1286.64		2008	508	No		No			14		0	Not Reported					3	1	1	0	1		1	0			None	None	This is a very well kept 1 bedroom, 1 bath, with hardwood floors, low maintenance, move in ready!  Corp. owned, sold as is.  No survey, no termite, no disclosures. Buyer resp for any/all inspections, compliances, and escrows as needed. Fax all offers w/proof of funds or prequal letter. EM MUST be certified $1000 min. Tax proration 100%.	Close before May 1 and receive 3.5% in closing costs or appliances,  See HomePath.com Special Offers or ask me for details. Fax 708-922-1438		None	Other			No				Water, Gas, Doorman, TV/Cable, Exercise Facilities																	None					12X10	14X10	12X10							10/28/2009	03/23/2010	03/23/2010	06/17/2010		GTRealty LLC	60694	Mark Groble	607791	 		(708) 922-3777	10/30/2009	(708) 922-3777	Classic Realty Group, Inc.	24568	Marilyn Jordan	227466	(630) 234-3662	3%	Variable
AT	3440	N	Lake Shore	DR	17F	Chicago	Illinois	60657	8006	Cook		299	299	220	Condo, High Rise (7+ Stories)		1955	07392979	CLSD		159900	135000	135000	134900	Conventional	F	100%	84%	68	68	14213070471187				2281.61		2007	520	No		No			17		800					S (South), W (West)	4	1	1	0	1		1		1	Attached	None		1 bed 1 bath condo in great location features city views, large upgraded kitchen. Building features, 24 hr door person, workout room. Bank owned REO. Illinois Condo Act: 765 ILCS 605/9(g/4). SOLD "AS IS". NO DISCLOSURES OR SURVEY. TAXES PRORATED AT 100%.  Commission paid will be based off the sale price minus seller concessions.	BANK OWNED FORECLOSURE. MUST SUBMIT ALL OFFERS WITH PROOF OF FUNDS OR BANK OF AMERICA PRE-APPROVAL LETTER. NO OFFERS WILL BE SUBMITTED WITHOUT ONE OR THE OTHER. NO EXCEPTIONS. FAX TO 773-681-7111, CALL NAN @ B OF A FOR APPROVAL 847-816-1377		Central Air	Gas						Door Person, Coin Laundry, Commissary, Elevator, Exercise Room, Storage, On Site Manager/Engineer	Heat, Air Conditioning, Water, Common Insurance, Doorman, TV/Cable, Scavenger, Snow Removal																	None					14X11	21X13	9X8		8X8					12/06/2009	02/11/2010	02/11/2010	03/05/2010		@properties	17665	Nicholas Tufano	117026	 		(312) 506-0200	12/06/2009	(773) 395-1000	Crosstown Realtors, Inc.	21139	Chris Fischer	226116	(815) 210-7252	3%	None
AT	3440	N	LAKE SHORE	DR	16D	Chicago	Illinois	60657	8006	Cook		299	299	230	Condo, High Rise (7+ Stories)		1955	07458760	CLSD		289900	259000	259000	289900	Conventional	N/A	89%	89%	91	91	14213070471171				3236.83	Homeowner	2008	975	No		No			16		0	Not Reported				N (North), E (East), W (West)	5	2	2	0	2		2		2		Full	Finished	RARELY AVAILABLE CORNER UNIT ON HIGH FLOOR WITH THREE EXPOSURES WITH DIRECT VIEW OF BELMONT HARBOR.  KITCHEN WITH 42' INCH CABINETS, GRANITE COUNTERTOPS.  HARDWOOD FLOORS IN LR/DR & HALL. CABINETS & GRANITE COUNTER IN THE HALL.  MIRRORED CLOSET DOORS  &  UPDATED BATHROOMS.  NO WAITING FOR PARKING.  OVERSIZED STORAGE SPACE.  SHORT NOTICE FOR SHOWING OK.			Central Air	Forced Air, Indv Controls		Hardwood Floors	No	Oven/Range, Microwave, Dishwasher, Refrigerator		Bike Room/Bike Trails, Door Person, Coin Laundry, Elevator, Exercise Room, Storage, On Site Manager/Engineer, Security Door Locks, Service Elevator	Heat, Air Conditioning, Water, Gas, Common Insurance, Doorman, TV/Cable, Exercise Facilities, Exterior Maintenance							Carpet					Hardwood			Marble	Hardwood	Full	Carpet	11X14			13X15	15X21	9X8		8X9		Separate Shower	L-shaped	Storms/Screens, End Unit	03/03/2010	06/01/2010	06/01/2010	08/05/2010		RE/MAX City	17299	Anna Gorka	106490	 		(773) 775-0600	03/03/2010	(773) 443-1927	David McIntosh	1089	Howard Andron	26491	(773) 972-5333	2.5%-$285	None
AT	3440	N	Lake Shore	DR	8F	Chicago	Illinois	60657	8006	Cook		299	299	220	Condo	27	1955	08236342	CLSD		128000	120000	120000	125000	Cash	S	96%	94%	30	30	14213070471076				2326.55		2011	537	No		No	No		8		800	Estimated					4	1	1	0	1	0	1		0	None	None	None	BEAUTIFUL AND BRIGHT 1 BDRM CONDO WITH BALCONY AND UNOBSTRUCTED WEST VIEW.  HW FLOORS IN LR, DR JOGGING/BIKE PATH AS WELL AS BUS STOP. ASSESSMENTS INCLUDE CABLE, GAS/HEAT, C/A, 24 HR DOOR-STAFF, NO PETS, FHA APPROVED BUILDING. GARAGE PARKING CAN BE LEASED FOR $150/MONTH.	CC: Pursuant to Short Sale. CC: Pursuant to Short Sale.  ALL EARNEST MONEY MUST BE IN CERTIFIED FUNDS. ANY REDUCTION OF COMMISSION WILL BE SHARED EQUALLY BETWEEN THE BROKERAGE FIRMS.  Association dues will go up 4.5% in January		Central Air	Gas			No				Gas, Doorman, Exterior Maintenance, Other	Lieberman Management	Eadka Tidwell	(773) 348-2777x1									Wood Laminate			Wood Laminate	Wood Laminate	None					14X11	21X13	9X8		8X8	No additional rooms				12/17/2012	01/15/2013	01/15/2013	05/06/2013		Classic Realty Group, Inc.	24568	Judy Cox, ABR,CNC,CRS,GRI,PMN,SFR,SRES	221260	 		(630) 377-5500	12/17/2012	(630) 546-7276	Berkshire Hathaway HomeServices KoenigRubloff	10317	Jeremiah S Fisher	179757	(312) 543-8480	2.5% -$200 (on Net SP)	Short Sale
AT	3440	N	LAKE SHORE	DR	19A	Chicago	Illinois	60657	8006	Cook		299	299	220	Condo, High Rise (7+ Stories)		1955	07689455	CLSD		399000	350000	350000	374000	Cash	N/A	94%	88%	146	146	14213070471208				7328.61		2009	1653	No		No	No		19		0	Not Reported				N (North), S (South), E (East)	6	3	3	0	2	0	2		2	Attached	None	None	N/E CORNER PENTHOUSE UNIT. SPECTACULAR VIEWS OF LAKE, BELMONT HARBOR & DRIVE FROM THIS HIGH FLR 3BR/2BTH UNIT. TERRIFIC FLR PLAN W/SEP DINING AREA, AMPLE CLST SPACE NEWER POGENPOHL KITCHEN, UPGRD BATHS, 3RD BR USED AS DEN. CLASSICALLY COOL RETRO BLDG W/24HR DRMN, ON-SITE MANAGEMENT, GARAGE, EXERCISE FACILITIES. SHPPG, RESTS & LAKE JUST STEPS FROM YOUR DOOR.ASMTS INCL:HEAT, AIR & CABLE. 2-CAR GAR PKG ON SITE, NO WAIT.			Central Air	Gas, Indv Controls		Hardwood Floors	YES	Oven/Range, Dishwasher, Refrigerator, Washer, Dryer		Door Person, Coin Laundry, Elevator, Exercise Room, Storage, On Site Manager/Engineer, Party Room, Receiving Room, Service Elevator	Heat, Air Conditioning, Water, Gas, Common Insurance, Doorman, TV/Cable, Exterior Maintenance, Scavenger, Snow Removal							Carpet	Carpet				Hardwood			Vinyl	Hardwood	Full	Carpet	11X14	10X13		16X12	22X23	07X16		10X12	No additional rooms		Separate		12/07/2010	05/01/2011	05/01/2011	06/03/2011		Jameson Sotheby's Intl Realty	10646	Brenda Tabak	105584	 		(312) 751-0300	12/07/2010	(312) 929-1514	Richard Cohn Real Estate	4207	Paul Molinelli	845534	(773) 339-5414	2.5% - $295 (on Net SP)	None
AT	3440	N	LAKE SHORE	DR	17E	Chicago	Illinois	60657	8006	Cook		299	299	220	Condo, High Rise (7+ Stories)	19	1955	08324109	CLSD		180000	170000	170000	180000	Conventional	N/A	94%	94%	31	31	14213070471186				2465.55	None	2011	570	No		No	No		17		0	Not Reported				W (West), City	4	1	1	0	1	0	1		1	Attached	None	None	Beautifully updated large 1BR w/smart floor plan. Features giant balcony, new kit w/hdwd cabinets, ss apps, granite counters & backsplash; new bath w/inset shelves, granite & glass vessel sink. Building extremely well run w/24hr door staff & valet parking. ASM includes heat, A/C, gas and cable. This is the 1 bedroom you’ve been looking for, across the street from Belmont Harbor & close to Wrigleyville entertainment.		1	Central Air	Gas, Forced Air		Hardwood Floors	No	Oven/Range, Microwave, Dishwasher, Refrigerator, All Stainless Steel Kitchen Appliances		Door Person, Coin Laundry, Elevator, Exercise Room, Storage, On Site Manager/Engineer, Receiving Room, Security Door Locks, Service Elevator	Heat, Air Conditioning, Water, Gas, Common Insurance, Doorman, TV/Cable, Exercise Facilities, Exterior Maintenance, Lawn Care, Scavenger, Snow Removal	N/A	N/A	(000) 000-0000									Hardwood			Hardwood	Hardwood	None	Hardwood				14X11	13X21	09X08		09X08	No additional rooms		Combined w/ LivRm	Balcony	04/23/2013	05/23/2013	05/23/2013	08/27/2013		Coldwell Banker Residential	10115	Niko Apostal	111456	 		(312) 266-7000	04/23/2013	(773) 516-0661	Urban Domain	16648	Meredith Voegtle	177395	(773) 592-9227	2.5%-$250 (on Net SP)	None
AT	3440	N	LAKE SHORE	DR	10G	Chicago	Illinois	60657	8006	Cook		299	299	263	Condo, High Rise (7+ Stories)	16	1968	08384064	CLSD		230000	215000	215000	230000	Cash	N/A	93%	93%	9	9	14213070471105				2921		2012	867	No		No	No		10		1200	Other				E (East), W (West)	5	2	2	0	2	0	2		1	Attached	None	None	Imagine unobstructed views of sailboats docked in Belmont Harbor and breathtaking sunrises over Lake Michigan. Now imagine yourself calling it home. This spacious 2 bedroom and 2 bathroom condo has a newer kitchen, updated bathrooms, and new laminate hardwood floors through-out.  Valet parking is only $150.  Near buses, shops, restaurants, Belmont Yacht Club, jogging and bike paths. Building has great reserves.	Easy to show. Present business card and ID to doorman.		Central Air	Gas, Forced Air, Indv Controls			No	Oven/Range, Microwave, Dishwasher, Refrigerator		Door Person, Coin Laundry, Elevator, Exercise Room, Storage, Receiving Room, Service Elevator	Heat, Air Conditioning, Gas, Common Insurance, Doorman, TV/Cable, Exercise Facilities, Lawn Care, Scavenger, Snow Removal	NONE	NONE	(999) 999-9999				Wood Laminate					Ceramic Tile			Ceramic Tile	Wood Laminate	Full	Wood Laminate	14X11			15X13	21X15	9X8		9X8	No additional rooms		Combined w/ LivRm		07/02/2013	07/10/2013	07/10/2013	07/29/2013		Coldwell Banker Residential	10115	Nancy Gardner	129641	 		(312) 266-7000	07/02/2013	(312) 933-7484	@properties	15694	Jennifer Lapins	139075	(312) 772-5010	2.5%-$250 (on Net SP)	None
AT	3440	N	Lake Shore	DR	17F	Chicago	Illinois	60657	8006	Cook		299	299	218	Condo	20	1955	08430437	CLSD		179900	164000	164000	174900	FHA	N/A	94%	91%	84	84	14213070471187				1920.59		2012	570	No		No	No		17		800	Estimated				City	4	1	1	0	1	0	1		1	Attached	None	None	BEAUTIFULLY UPDATED 17TH FLOOR UNIT W/ AMAZING VIEWS OF THE CITY FROM THE PRIVATE BALCONY! GORGEOUS KITCHEN W/ LOADS OF CABINET SPACE, GRANITE COUNTERS & BACK SPLASH, & STAINLESS STEEL APPLIANCES! SPACIOUS LIVING & DINING AREA W/ UPDATED FIXTURES & FLOORING! GREAT BUILDING ACROSS FROM BELMONT HARBOR W/ DOOR STAFF, AVAILABLE VALET PARKING, EXERCISE ROOM, STORAGE, & CLOSE TO EVERYTHING YOU COULD WANT! TRULY A MUST SEE!	**24-HR Notice Appreciate**  Please send offers along with Pre-Approval/POF & Contract Rider to tim@chrisfischeronline.com.  Please schedule showings through showing assist & await confirmation. **FHA APPROVED BUILDING**		Central Air	Gas, Forced Air, Indv Controls			No	Oven/Range, Microwave, Dishwasher, Refrigerator		Bike Room/Bike Trails, Door Person, Coin Laundry, Elevator, Exercise Room, Storage, On Site Manager/Engineer, Park/Playground, Receiving Room, Security Door Locks, Service Elevator, Curbs/Gutters, Sidewalks, Street Lights, Street Paved	Heat, Air Conditioning, Water, Gas, Common Insurance, Doorman, TV/Cable, Exercise Facilities, Exterior Maintenance, Lawn Care, Scavenger, Snow Removal	Lieberman Management	Eadka Tidwell	(773) 348-2777x1									Wood Laminate	TV-Cable, CO Detectors		Ceramic Tile	Wood Laminate	None	Wood Laminate				16X12	21X13	10X8		10X8	Foyer		L-shaped	Balcony, Storms/Screens, Grill-Outdoors, Cable Access	08/27/2013	11/18/2013	11/18/2013	12/18/2013		Crosstown Realtors, Inc.	21139	Chris Fischer	226116	 		(708) 889-1500	08/27/2013	(815) 210-7252	Conlon: A Real Estate Company	85475	Susanna Cherubin-Delisi	118865	(773) 457-8011	2.5% ON NET (on Net SP)	None
AT	3440	N	LAKE SHORE	DR	11B	Chicago	Illinois	60657	8006	Cook		299	299	220	Condo, High Rise (7+ Stories)	18	UNK	08435040	CLSD		219900	215000	215000	219900	Cash	N/A	98%	98%	180	180	14213070471114				1511.25	Homeowner, Senior	2012	703	No		No	No		11		0	Not Reported				N (North), E (East)	4	1	1	0	1	0	1	0	2	Attached	None	None	FEEL LIKE YOU'RE ON VACATION IN THE BEST 1-BEDROOM ON LAKE SHORE DRIVE!  WATCH THE BOATS FROM YOUR LARGE TERRACE WITH UNOBSTRUCTED VIEWS OF THE PARK, HARBOR AND LAKE BEYOND.  BEAUTIFUL CRISP NEUTRAL DECOR THROUGHOUT, CUSTOM CABINETS, NEW RANGE AND MICRO. BLDG HAS GREAT WORK OUT ROOM.  WALK TO SHOPS, CAFES, TREASURE ISLAND.  TRANSPORTATION AT YOUR DOORSTEP. 24-HOUR DOORMAN. MOVE RIGHT IN!			Central Air	Gas, Forced Air			No	Oven/Range, Dishwasher, Refrigerator		Door Person, Coin Laundry, Elevator, Exercise Room, Storage, On Site Manager/Engineer, Curbs/Gutters, Sidewalks, Street Lights, Street Paved	Heat, Air Conditioning, Water, Gas, Common Insurance, Doorman, TV/Cable	Lieberman	Eadka Tidwell	(773) 348-2777x1									Carpet		Other	Other	Carpet	None	Carpet				14X13	23X13	9X8		10X8	Foyer, Terrace			Balcony	09/03/2013	03/01/2014	03/01/2014	04/30/2014		Berkshire Hathaway HomeServices KoenigRubloff	84215	Brad Lippitz	126952	 		(773) 404-1144	09/03/2013		Baird & Warner	10274	Rod Salaysay	151374	(773) 208-5187	2.5% - $325 (on Net SP)	None
AT	3440	N	LAKE SHORE	DR	11A	Chicago	Illinois	60657	8006	Cook		299	299	220	Condo, High Rise (7+ Stories)	19	UNK	08432787	CLSD		250000	245000	245000	250000	Cash	N/A	98%	98%	30	6	14213070471113				3750.61	None	2012	1113	No		No	No		11		1200	Estimated				N (North), S (South), E (East), Lake/Water	5	2	2	0	2	0	2	0	2	Attached	None	None	Enjoy the most glorious views from every single room of this impeccable unit overlooking Belmont Harbor, with views north and south as well. Large living space, renovated baths, updated kitchen. Classically cool retro building w/24-hour doorman, on-site management, garage, exercise facilities- within steps of the best stretch of East Lakeview: great restaurants, shops, cafes, and a dynamic streetlife!			Central Air	Gas			No	Oven/Range, Microwave, Dishwasher, Refrigerator		Bike Room/Bike Trails, Door Person, Coin Laundry, Elevator, Exercise Room, Storage, On Site Manager/Engineer	Heat, Air Conditioning, Water, Gas, Common Insurance, Doorman, TV/Cable, Exterior Maintenance	Lieberman	Eadka Tidwell	(773) 348-2777x1														Full		14X10			16X12	22X15	09X08		10X08	No additional rooms		Separate		08/29/2013	09/03/2013	09/03/2013	10/18/2013		Berkshire Hathaway HomeServices KoenigRubloff	84215	Brad Lippitz	126952	 		(773) 404-1144	08/29/2013		Berkshire Hathaway HomeServices KoenigRubloff	84215	Brad Lippitz	126952		2.5% - $325 (on Net SP)	None
AT	3440	N	LAKE SHORE	DR	6E	Chicago	Illinois	60657	8006	Cook		299	299	220	Condo, High Rise (7+ Stories)	18	UNK	08456741	CLSD		140000	130000	130000	140000	Cash	N/A	93%	93%	11	11	14213070471047				1784.42		2012	530	No		No	No		6		0	Not Reported					4	1	1	0	1	0	1	0	1	Attached	None	None	Great opportunity for value seekers in this estate sale: large bright one-bedroom with a terrace and tree-top views. Needs a little updating, but what a deal! Very cool mid-century building shines among the Lake Shore Drive buildings. 24-hour doorstaff, great garage, best East Lakeview location.	Property sold as-is.  Chandelier excluded.		Central Air	Gas, Forced Air			No	Oven/Range, Dishwasher, Refrigerator		Door Person, Coin Laundry, Elevator, Exercise Room, Storage, On Site Manager/Engineer, Curbs/Gutters, Sidewalks, Street Lights, Street Paved	Heat, Air Conditioning, Water, Gas, Common Insurance, Doorman, TV/Cable	Lieberman	Eadka Tidwell	(773) 348-2777x1														None					14X11	22X13	9X8		9X8	No additional rooms			Balcony	09/30/2013	10/10/2013	10/10/2013	11/07/2013		Berkshire Hathaway HomeServices KoenigRubloff	84215	Brad Lippitz	126952	 		(773) 404-1144	09/30/2013		Dream Town Realty	14090	Paul Hettler	177182	(773) 791-9523	2.5% - $325 (on Net SP)	None
AT	3440	N	Lake Shore	DR	4A	Chicago	Illinois	60657	8006	Cook		299	299	220	Condo	19	1955	08554450	CLSD		245000	222000	222000	225000	Conventional	N/A	99%	91%	533	533	14213070471015				2791.49	Homeowner, Senior	2013	1100	No		No	No		4		1200	Estimated				E (East)	5	2	2	0	2	0	2		1	Attached	None	None	This is an updated and beautifully maintained 2 bed, 2 bath unit in a great inner drive building. Large bright rooms, updated kitchen with granite counters, newer appliances, and bathrooms with new vanities. New windows, new plumbing, newer roof...all the big ticket items are done. Fee Pkg is available to tenants and visitors. Exercise room. Very scenic view:The Drive, Belmont harbor and the running path. ATTENTION BUYERS; SELLER IS PAYING THE FIRST 6 MONTHS OF ASSESSMENTS AT CLOSING.  $6,674.52	ATTENTION BUYERS: SELLER IS PAYING THE FIRST 6 MONTHS OF ASSESSMENTS $6,674.52 AT CLOSING.  Easy to show on short notice. Show this and you wont be disappointed. Nice unit. Resident parking is $170/MO.		3+ (Window/Wall Unit)	2+ Sep Heating Systems			Yes	Oven/Range, Microwave, Dishwasher, Refrigerator		Bike Room/Bike Trails, Door Person, Coin Laundry, Elevator, Exercise Room, Storage, Receiving Room, Service Elevator, Sidewalks, Street Lights, Street Paved	Heat, Air Conditioning, Water, Common Insurance, Doorman, TV/Cable, Exercise Facilities, Exterior Maintenance, Lawn Care, Scavenger, Snow Removal	On Site	Eadka Tidwell	(773) 348-2777x1		Yes		Carpet					Ceramic Tile			Ceramic Tile	Carpet	Full	Carpet	14X11			16X12	22X14	09X08		10X08	Foyer				03/10/2014	08/24/2015	08/24/2015	12/02/2015		Coldwell Banker Residential	3310	Sunny Masur	31445	 		(847) 866-8200	03/10/2014	(847) 425-3798	Berkshire Hathaway HomeServices KoenigRubloff	10900	Kate Coyle	841941	(312) 952-9997	2.5-$295 (on Net SP)	None
AT	3440	N	Lake Shore	DR	4B	Chicago	Illinois	60657	8006	Cook		299	299	219	Condo, High Rise (7+ Stories)	18	1955	08551271	CLSD		139900	130000	130000	139900	Cash	N/A	93%	93%	83	83	14213070471016				1712	Homeowner	2012	667	No		No	No		4		850	Other				N (North), E (East), Lake/Water, Park	4	1	1	0	1	0	1	0	1	Attached	Full	Unfinished	Large 1BR overlooking Belmont Harbor! Spacious liv. rm, sep. dining area & views of lake from your bedroom! In original condition. Live in it as is, or make it your own w/renovation. Full amenity & financially robust bldg w/24 door staff, on-site mgr, fitness rm & garage prkg on site. Shopping, restaurants & the lakefront are all just steps from your door! Express bus stop to Loop stops in front. Asses. includes heat	Great building!  Great views of Lake and great location!  Just needs to be updated, but it's a large one bedroom.		Central Air	Forced Air, Indv Controls		Storage	No			Bike Room/Bike Trails, Door Person, Coin Laundry, Elevator, Exercise Room, Storage, On Site Manager/Engineer, Receiving Room	Heat, Air Conditioning, Water, Gas, Common Insurance, Doorman, TV/Cable, Exercise Facilities, Exterior Maintenance, Scavenger	Lieberman	Eadka Tidwell	(773) 348-2777x1	72	Yes							Carpet			Ceramic Tile	Carpet	None	Carpet				12X12	13X21	8X8		7X8	No additional rooms	Soaking Tub			03/06/2014	05/27/2014	05/27/2014	06/30/2014		Baird & Warner	10273	Michael Hall	111699	 		(773) 549-1855	03/06/2014	(773) 710-3990	@properties	84025	Elizabeth Lothamer	102587	(773) 655-5344	2.5% - $275 (on Net SP)	None
AT	3440	N	LAKE SHORE	DR	6E	Chicago	Illinois	60657	8006	Cook		299	299	220	Condo, High Rise (7+ Stories)	19	UNK	08571243	CLSD		182000	176000	176000	182000	Conventional	N/A	97%	97%	19	19	14213070471047				1785		2012	551	No		No	No		6		0	Not Reported					4	1	1	0	1	0	1	0	1	Attached	None	None	Brand new outstanding rehab. 1 bed 1 bath with pvt balcony, tree top views  wood floors new everything inc bosh dishwasher, granite counters, back splash.  large storage space, rental parking, 24 hour doorman across from Belmont Harbor. Building has newer windows and strong reserves. Nicest 1 bed in building. Perfect in town unit.			Central Air	Gas, Forced Air			No	Oven/Range, Dishwasher, Refrigerator		Door Person, Coin Laundry, Elevator, Exercise Room, Storage, On Site Manager/Engineer, Curbs/Gutters, Sidewalks, Street Lights, Street Paved	Heat, Air Conditioning, Water, Gas, Common Insurance, Doorman, TV/Cable	Lieberman	Eadka Tidwell	(773) 348-2777x1														None					14X11	22X13	9X8		9X8	No additional rooms			Balcony	03/31/2014	04/18/2014	04/18/2014	06/06/2014		Dream Town Realty	14090	Paul Hettler	177182	 		(312) 242-1000	03/31/2014	(773) 791-9523	@properties	17665	Nicholas Haubrich	875746	(262) 412-3741	2.25%-$295 (on Net SP)	None
AT	3440	N	Lake Shore	DR	7E	Chicago	Illinois	60657	8006	Cook		299	299	218	Condo, High Rise (7+ Stories)	18	1955	08574953	CLSD		159900	155400	155400	157900	Conventional	N/A	98%	97%	37	37	14213070471061				1801.43	Homeowner	2012	555	No		No	No		7		0	Not Reported				W (West), City	4	1	1	0	1	0	1				None	None	Gorgeous updated large 1 bed/ 1 bth w/actual dining rm space, great floorplan. Hdwd flrs, large balcony for grilling, newer windows w/upgraded blinds. Great closet space. $150/mo valet pkg avail w/ no wait list. Bath redone 3 yrs ago, unit freshly painted. 24 hr doorman, on-site mgt. Great unit! Across from lake, running path & Belmont Harbor, Express bus out front & walk to el and Wrigleyville. Priced to sell!			Central Air	Forced Air, Indv Controls			No	Oven/Range, Microwave, Dishwasher, Refrigerator		Bike Room/Bike Trails, Door Person, Coin Laundry, Elevator, Exercise Room, Storage, On Site Manager/Engineer, Service Elevator	Heat, Air Conditioning, Water, Gas, Common Insurance, Doorman, TV/Cable, Exercise Facilities, Exterior Maintenance, Lawn Care, Scavenger, Snow Removal	Lieberman	Eadka Tidwell	(773) 358-2777x1		Yes							Wood Laminate			Wood Laminate	Wood Laminate	None					14X11	13X21	09X08		09X08	No additional rooms	Separate Shower	Combined w/ LivRm		04/02/2014	05/08/2014	05/08/2014	06/20/2014		R. Hawthorne Group, Ltd.	14106	Michael Rappel	129963	Maria Alpogianis	157515	(773) 296-2220	04/03/2014	(773) 296-2220	State Street Properties Chgo.	84476	Amie Durr	181926	(312) 532-6365	2.5% -$250 (on Net SP)	None
AT	3440	N	LAKE SHORE	DR	17B	Chicago	Illinois	60657	8006	Cook		299	299	218	Condo, High Rise (7+ Stories)	18	UNK	08583031	CLSD		225000	200000	200000	215000	Cash	N/A	93%	89%	123	123	14213070471183				2396.05	None	2013	730	No		No	No		17		850	Estimated				E (East), Lake/Water	4	1	1	0	1	0	1		2	Attached	None	None	Stunning rehab just finished! Perfect Lake Shore Drive condo features a beautiful, unobstructed east view of Lake Michigan which incls park & harbor AND a private balcony facing lake! Kit w/ espresso cabs, granite, ss, glass tile bcksplsh; Bath w/marble t& mosaic tile in shower, new vanity; new br carpet & large organized closet; new flooring, baseboards, & electric panel!  24hr dr, valet pkg additional, ex rm.			Central Air	Gas, Forced Air			No	Oven/Range, Microwave, Dishwasher, Refrigerator, All Stainless Steel Kitchen Appliances		Bike Room/Bike Trails, Door Person, Coin Laundry, Elevator, Exercise Room, Storage, On Site Manager/Engineer, Curbs/Gutters, Sidewalks, Street Lights, Street Paved	Heat, Air Conditioning, Water, Gas, Common Insurance, Doorman, TV/Cable, Exercise Facilities, Exterior Maintenance, Lawn Care, Scavenger, Snow Removal	LIBERMAN	NA	(847) 459-0000									Hardwood			Hardwood	Hardwood	Shared	Carpet				14X13	23X13	09X08		10X08	Balcony, Foyer		L-shaped	Balcony	04/11/2014	08/11/2014	08/11/2014	08/28/2014		Coldwell Banker Residential	10115	Stephanie Cutter	121190	 		(312) 266-7000	04/11/2014	(312) 475-3274	@properties	16379	John C Coleman	120019	(773) 895-4964	2.5-$295 (on Net SP)	None
AT	3440	N	Lake Shore	DR	18G	Chicago	Illinois	60657	8006	Cook		299	299	220	Penthouse	27	UNK	08578253	CLSD		359000	325000	325000	359000	Conventional	N/A	91%	91%	1	1	14213070471201				4228.14		2012	1305	No		No	No		18		1900	Estimated					6	3	3	0	3	0	3				None	None	3 BEDROOMS, 3 BATHS PENTHOUSE WITH ENCLOSED BALCONY. MASSIVE UNIT THAT IS  BRIGHT, AIRY &  LOVELY. WAITING FOR YOUR INNOVATIVE, ENVISIONED IDEAS MADE TO REALITY. NEEDS A BIT OF UPDATING, BUT UNIT IS IN GREAT CONDITION.	PLEASE EMAIL ALL QUESTIONS.USE SHOWING DESK LINK TO SCHEDULE APPTS		2 (Window/Wall Unit)	Baseboard		Elevator, Hardwood Floors	No				Heat, Air Conditioning, Water, Common Insurance, Doorman, TV/Cable, Exterior Maintenance, Lawn Care, Scavenger, Snow Removal	LIBERMAN MANAGEMENT	EADKA TIDWELL	(773) 348-2777		No		Carpet	Parquet				Ceramic Tile			Ceramic Tile	Parquet	Full	Carpet	12X12	14X14		16X16	20X26	12X12		14X14	No additional rooms				04/07/2014	04/07/2014	04/07/2014	06/10/2014		Century 21 McMullen Real Estate Inc	13691	Rose M Alvarez	103681	 		(773) 631-8300	04/07/2014	(312) 264-1195	Century 21 McMullen Real Estate Inc	13691	Rose M Alvarez	103681	(312) 264-1195	2.5%  - $275 (on Net SP)	None
AT	3440	N	Lake Shore	DR	4B	Chicago	Illinois	60657	8006	Cook		299	299	219	Condo, High Rise (7+ Stories)	18	1955	08790105	CLSD		189900	181000	181000	189900	Cash	N/A	95%	95%	61	54	14213070471016				1710	Homeowner	2013	667	No		No	No		4		850	Estimated				N (North), E (East), Lake/Water, Park	4	1	1	0	1	0	1	0	1	Attached	None	None	Large, newly rehabbed 1BR overlooking Belmont Harbor! Kitchen w/all new espresso cabinets, quartz countertops and SS appliances. Spacious liv. rm, sep. dining area & views of lake from your bedroom!Engineered HW floors though out. Full amenity bldg w/24 door staff, on-site mgr, fitness rm & garage prkg on site. Express bus stop to Loop stops in front. Asses. include heat, AC, water, gas, TV/Cable, bike rm & Storage!	Email co-list to show-Ebulmann@atproperties.com. Please submit pre-approval letter with offer. No rental cap-Rentals currently 30%.		Central Air	Forced Air, Indv Controls		Storage	No	Oven/Range, Microwave, Dishwasher, Refrigerator, All Stainless Steel Kitchen Appliances		Bike Room/Bike Trails, Door Person, Coin Laundry, Elevator, Exercise Room, Storage, On Site Manager/Engineer, Receiving Room	Heat, Air Conditioning, Water, Gas, Common Insurance, Doorman, TV/Cable, Exercise Facilities, Exterior Maintenance, Scavenger	Lieberman Management Services	Eadka Tidwel	(773) 348-2777		Yes							Wood Laminate	TV-Cable, CO Detectors		Wood Laminate	Wood Laminate	None	Wood Laminate				12X12	13X21	8X8		7X8	No additional rooms		Combined w/ LivRm		11/20/2014	01/12/2015	01/12/2015	01/30/2015		@properties	84025	Elizabeth Lothamer	102587	Elisa Bulmann	874941	(773) 432-0200	11/20/2014	(773) 655-5344	Coldwell Banker Residential	10115	Janet Crabb	103654	(312) 915-4707	2.5%-$295 (on Net SP)	None
AT	3440	N	Lake Shore	DR	16B	Chicago	Illinois	60657	8006	Cook		299	299	218	Condo, High Rise (7+ Stories)	19	1955	08832690	CLSD		195000	187500	187500	195000	Cash	N/A	96%	96%	34	34	14213070471169				2378.77		2013	733	No		No	No		16		800	Landlord/Tenant/Seller				E (East), Lake/Water, Park	4	1	1	0	1	0	1		1	Attached	None	None	Imagine unobstructed views of sailboats docked in Belmont Harbor & breathtaking sunrises over Lake Michigan. Now imagine yourself calling it home from your private balcony. This spacious 1 bedroom condo has a newer kitchen w/ GE appliances, an updated bath & newer hardwood floors thru-out. Ample closets. Valet parking only $165.00/month. Near CTA buses, shops, restaurants, Chicago Yacht Club, jogging & bike paths.	PLEASE USE SHOWING ASSIST. EASY TO SHOW. NO RENTAL CAP. 12 MONTH ONLY LEASE ALLOWED. RESERVES $677,398. NO SPECIAL ASSESSMENT. IN UNIT W/D NOT ALLOWED. PLEASE SEE FLOOR PLAN & BUILDING PROFILE UNDER ADDITIONAL INFO. STORAGE LOCKER 220.		Central Air	Hot Water/Steam, 2+ Sep Heating Systems		Hardwood Floors	No	Oven/Range, Microwave, Dishwasher, Refrigerator		Door Person, Coin Laundry, Elevator, Exercise Room, Storage, On Site Manager/Engineer, Receiving Room, Service Elevator	Heat, Air Conditioning, Water, Gas, Common Insurance, Doorman, TV/Cable, Exercise Facilities, Exterior Maintenance, Lawn Care, Scavenger, Snow Removal	LIEBERMAN MANAGEMENT SERVICES	EADKA TIDWELL	(773) 348-2777	69	Yes							Hardwood			Hardwood	Hardwood	Shared	Hardwood				12X12	21X13	08X08		08X07	Balcony		Combined w/ LivRm	Balcony, Storms/Screens	02/06/2015	03/11/2015	03/11/2015	04/10/2015		Coldwell Banker Residential	10115	Nancy Gardner	129641	 		(312) 266-7000	02/06/2015	(312) 933-7484	Berkshire Hathaway HomeServices KoenigRubloff	10900	Lyle Harlow	143066	(773) 360-3613	2.5%-$325 (on Net SP)	None
AT	3440	N	Lake Shore	DR	16F	Chicago	Illinois	60657	8006	Cook		299	299	220	Condo, High Rise (7+ Stories)	19	1959	08967241	CLSD		184900	163250	163250	169153	Cash	N/A	97%	88%	87	87	14213070471173				1929.49	None	2013	594	No		No	No		16		800	Other				S (South), W (West), City	4	1	1	0	1	0	1		1	Attached	None	None	Just completed remodel on this upper tier condo including new electric,kitchen,flooring & appliances. West/city view from balcony.Assessments include gas, heat, C/A,water, extended cable +.Walk to everything location, jogging/bike path as well as bus stop at your doorstep!Building amenities incl doorman, bike area, and exercise facilities.Valet pkg for $165 a month.This is a no pet building.FHA approved building!Visitor Parking.			Central Air	Gas, Forced Air			No	Oven/Range, Microwave, Dishwasher, Refrigerator, All Stainless Steel Kitchen Appliances		Bike Room/Bike Trails, Door Person, Coin Laundry, Elevator, Exercise Room, Storage, On Site Manager/Engineer, Receiving Room, Security Door Locks, Service Elevator	Heat, Air Conditioning, Water, Gas, Common Insurance, Doorman, TV/Cable, Exercise Facilities, Exterior Maintenance, Lawn Care, Scavenger, Snow Removal, Other	Lieberman Management	Edika Tidwell	(773) 348-2777		Yes							Vinyl			Vinyl	Vinyl	None	Vinyl				14X11	13X22	09X09		08X09	Balcony		Separate	Balcony	06/27/2015	09/21/2015	09/21/2015	10/20/2015		Century 21 American Sketchbook	2535	Michael Rein, GRI	12987	 		(847) 726-2100	06/29/2015	(847) 208-4189	Coldwell Banker Residential	12660	Melanie Stone	878258	(630) 536-7723	2.5%-$200 (on Net SP)	None
AT	3440	N	LAKE SHORE	DR	19D	Chicago	Illinois	60657	8006	Cook		299	299	218	Condo, Penthouse	19	1955	08977009	CLSD		324500	300000	300000	324500	Cash	N/A	92%	92%	403	36	14213070471209				5454	None	2013	1670	No		No	No		19	PNTHSE	1800	Estimated				E (East), W (West), City, Lake/Water, Park	5	2	2	0	2	0	2		1	Attached	None	None	RARELY AVAILABLE 1800 SF PENTHOUSE W/270 DEGREES OF KNOCK YOUR SOCKS OFF VIEWS OF THE LAKE, HARBOR, "THE DRIVE", WEST & WRIGLEY! NEW KITCHEN W/ESPRESSO CABS, GRANITE, SS APPS. CUSTOM NEW BATHS W/STONE, WALL TILE & YOUR OWN BALCONY OVERLOOKING THE LAKE & HARBOR. HUGE LIVING RM W/DINING ALCOVE. ENORMOUS MSTR BDRM W/WALK-IN CLOSET. HWD FLRS THRU-OUT & C/A. FULL SVC BLDG W/24-HR DRMN. $165 Valet Parking EASILY COULD BE A 3-BDRM!	Strong reserves = $604k. Parking $165 for first car & $185 for second. No Pet bldg.		Central Air	Hot Water/Steam		Hardwood Floors, Storage	No	Oven/Range, Microwave, Dishwasher, Refrigerator, All Stainless Steel Kitchen Appliances			Heat, Air Conditioning, Water, Gas, Common Insurance, Doorman, TV/Cable, Exercise Facilities, Exterior Maintenance, Lawn Care, Scavenger, Snow Removal	LMS	Eadka Tidwell	(773) 348-2777		Yes		Hardwood					Hardwood			Hardwood	Hardwood	Full	Hardwood	15X11			17X13	21X15	08X09		09X08	Balcony, Foyer, Walk In Closet		L-shaped	Balcony, Storms/Screens, Private Entrance, End Unit	07/09/2015	08/13/2015	08/13/2015	09/11/2015		@properties	15694	Kevin Tatum, ABR,CRS,GRI	123170	 		(773) 862-0200	07/09/2015	(773) 677-1465	@properties	15694	Ellen Webber	109704	(773) 350-7773	2.5% - $295 (on Net SP)	None
AT	3440	N	Lake Shore	DR	5D	Chicago	Illinois	60657	8006	Cook		299	299	220	Condo	16	1955	09016700	CLSD		229000	210000	210000	229900	Conventional	F	91%	92%	659	293	14213070471032				2901.91	Homeowner	2014	1049	No		No	No		5		1157	Assessor				E (East), W (West), City, Lake/Water	5	2	2	0	2	0	2		1	Attached	None	None	Magnificent 2 bedroom 2 bath  Lake shore Drive condo located right across from Belmont Harbor. Beautiful Custom Rehab includes hardwood floors, New custom kitchen with stainless steel appliances.  Granite countertops.  Rehab Baths, Building features 24 hr doorman, exercise room, Laundry room. Circular drive, Building improvements include newer plumbing, roof and electric. Garage spaces available, Very well maintain Building SELLER  WILL PAY UP TO 6 MONTHS OF ASSOCIATIONS FEE FOR BUYER Subject to cancellation of prior contract	SELLER  WILL PAY UP TO 6 MONTHS OF ASSOCIATIONS FEE Home was staged now furniture is out		2 (Window/Wall Unit)	2+ Sep Heating Systems		Hardwood Floors	No	Oven/Range, Microwave, Dishwasher, Refrigerator, All Stainless Steel Kitchen Appliances		Bike Room/Bike Trails, Door Person, Coin Laundry, Elevator, Exercise Room, Storage, On Site Manager/Engineer, Receiving Room, Service Elevator, Sidewalks, Street Lights	Heat, Air Conditioning, Water, Common Insurance, Doorman, TV/Cable, Exercise Facilities, Exterior Maintenance, Lawn Care, Scavenger, Snow Removal	Lieberman Management sERVICE	EADKA TIDWELL	(773) 348-2777x1				Carpet					Hardwood			Hardwood	Hardwood	Full	Carpet	14X11			15X12	21X14	9X8		10X9	No additional rooms		L-shaped		08/19/2015	06/06/2016	06/06/2016	07/26/2016		RE/MAX 10	60321	Sandra Snaidauf	604264	 		(708) 857-1500	08/19/2015	(708) 307-0256	Conlon: A Real Estate Company	85186	Charles B Barenbrugge	128043	(847) 858-3504	3% -$200.00 (on Net SP)	Variable
AT	3440	N	lake shore	DR	5E	Chicago	Illinois	60657	8006	Cook		299	299	219	Condo	19	1959	09386537	CLSD		178600	173000	173000	178600	Cash	N/A	97%	97%	291	95	14213070471033				1637.09	Homeowner	2015	589	No		No	No		5		1	Other	0		0		3	1	1	0	1	0	1				None	None	Completely remodeled from top to bottom!!!  Kitchen offers all new SS appliances, granite counter tops and back splash.  Wood laminate floors throughout.  Amazing closet space. New Crown molding and baseboards.  Plenty of sunlight. Walk to the Lake from your front door!!!  Heat and gas included in assessment! on site management, parking, exercise facilities.  Just move in and enjoy!!!  Close to dinning, shopping, and much more!!!	Vacant and easy to show		Central Air	Gas, Forced Air			No			Bike Room/Bike Trails, Door Person, Coin Laundry, Elevator, Exercise Room, On Site Manager/Engineer, Receiving Room, Curbs/Gutters, Sidewalks	Heat, Air Conditioning, Water, Gas, Common Insurance, Doorman, TV/Cable, Exercise Facilities, Exterior Maintenance, Lawn Care, Scavenger, Snow Removal	Lieberman	Eadka Tidwell	(773) 348-2777									Hardwood			Ceramic Tile	Hardwood	None	Hardwood				14X10	22X13	10X9			No additional rooms				11/11/2016	02/13/2017	02/13/2017	04/04/2017		RE/MAX 10 Lincoln Park	86396	Mike Checuga	156966	 		(773) 348-8500	11/11/2016	(773) 388-8569	@properties	85774	Elizabeth Barone	879363		2.5%-295 (on Net SP)	Variable
AT	3440	N	Lake Shore	DR	8C	Chicago	Illinois	60657	8006	Cook		299	299	218	Condo, High Rise (7+ Stories)	20	UNK	09565503	ACTV		225000	225000		225000					34	34	14213070471073				2098.69	Homeowner	2015	717	No		No	No		8		800	Estimated	0		0	E (East), Lake/Water	4	1	1	0	1	0	1		1	Attached	None	None	RENOVATED LAKE SHORE DRIVE CONDOMINIUM WITH BEAUTIFUL VIEWS OF LAKE AND BELMONT HARBOR FROM BALCONY.    HARDWOOD FLOORS THROUGHOUT, NEW KITCHEN WITH QUARTZ COUNTERS, STAINLESS STEEL APPLIANCES AND WHITE CABINETS.  DINING ROOM SPACE COMBINED WITH WIDE LIVING ROOM.  BATH UPDATED WITH MARBLE SHOWER SURROUND, UNDERMOUNT SINK AND STORAGE CABINETS.  FRESHLY PAINTED.  BUILDING OFFERS FULL TIME DOOR STAFF AND MANAGEMENT ON SITE.  VALET PARKING AVAILABLE.  STORAGE CAGE AND LAUNDRY ROOM.  AWESOME LOCATION IN LAKEVIEW WITH EASY ACCESS TO DOWNTOWN AND THE LAKE FRONT PATH.			2 (Window/Wall Unit)	Gas		Wood Laminate Floors	No	Oven/Range, Microwave, Dishwasher, Refrigerator		Bike Room/Bike Trails, Door Person, Coin Laundry, Elevator, Exercise Room, Storage, On Site Manager/Engineer	Heat, Air Conditioning, Water, Common Insurance, Doorman, TV/Cable, Exercise Facilities, Scavenger, Snow Removal	Lieberman	Eadka	(773) 348-2777									Hardwood			Hardwood	Hardwood	Shared	Hardwood				14X12	23X13	09X08		09X08	Balcony		Combined w/ LivRm	Balcony	03/15/2017					Jameson Sotheby's Intl Realty	10646	Robert Munds	106429	 		(312) 751-0300	03/15/2017	(312) 867-2096			 			2.5%-$350 (on Net SP)	None
AT	3440	N	Lake Shore	DR	16A	Chicago	Illinois	60657	8006	Cook		299	299	220	Condo, High Rise (7+ Stories)	19	1955	09152067	CLSD		320000	305000	305000	320000	Conventional	N/A	95%	95%	37	37	14213070471168				3983.91		2014	1236	No		No	No		16		0	Not Reported				N (North), S (South), E (East)	5	2	2	0	2	0	2		1	Attached	Full	Finished	Rarely available 2BR/2BA premier corner tier on high floor.  Elegant entryway with WilsonArt flooring, leads to huge living room and dining room with expansive and unobstructed lake, harbor and Lake Shore Drive views everywhere!  42" solid wood, raised panel cabinet kitchen, under mounted sink and Silestone counters. Enormous master bedroom with huge walk in closet and beautifully refinished master bath with granite.  Second bedroom doubles as office/study and guest bedroom with 2 twin beds enclosed in gorgeous retractable custom wall cabinetry which can be stored away when not in use.  Upgraded second bath.  Extremely well-managed, full service building with 24 hour doorman, $165 month valet parking immediately available, storage, laundry, bike and exercise rooms.  Seller will prepay six months assessment at closing!	Seller will prepay six months assessment at closing! Reserves near $700,000 plus revolving checking account with $200-$300K. Bikes need to be registered to be able to store in bike room. Please see info tab for disclosures and buildings buyer packet. Please use CAR contract (can be found at Chicagorealtor.com).		Central Air	Gas, Forced Air			No	Oven/Range, Microwave, Dishwasher, Refrigerator		Bike Room/Bike Trails, Door Person, Coin Laundry, Elevator, Exercise Room, Storage, Service Elevator, Curbs/Gutters, Sidewalks, Street Lights, Street Paved	Heat, Air Conditioning, Water, Gas, Common Insurance, Doorman, TV/Cable, Exercise Facilities, Exterior Maintenance, Lawn Care, Scavenger, Snow Removal	Lieberman Management Services	Eadka Tridwell	(773) 348-2777	70													Full		14X11			16X12	22X14	9X8		10X8	Foyer		Separate		03/01/2016	04/06/2016	04/06/2016	05/02/2016		Baird & Warner	10273	Frank Maguire	112446	 		(773) 549-1855	03/01/2016	(773) 883-2442	Chicago Property Finders Holdings, LLC	85181	Billy Voukides	134167	(312) 307-6991	2.5% - $300 (on Net SP)	None
AT	3440	N	Lake Shore	DR	11D	Chicago	Illinois	60657	8006	Cook		299	299	218	Condo, High Rise (7+ Stories)	19	1955	09183943	CLSD		269900	265000	265000	269900	Conventional	N/A	98%	98%	23	23	14213070471116				2990.07	Other	2014	1092	No		No	No		11		0	Not Reported				N (North), E (East), W (West), Lake/Water, Park	5	2	2	0	2	0	2		1	Attached	None	None	Imagine unobstructed views of sailboats docked in Belmont Harbor and mesmerizing sunrises over Lake Michigan. These views from your living and dining areas will take your breath away! Now imagine yourself calling it home. This spacious 2 bedroom and 2 bath condo has an open kitchen, and updated baths. Ample organized closets. Price includes storage locker 68 located on the second floor.  On-site valet parking is only $165.00 per month. Near CTA buses, shops, restaurants, Belmont Yacht Club, jogging, and bike paths. Sorry no pets.	PLEASE USE SHOWING ASSIST. LISTING AGENT WILL ACCOMPANY WITH PROPER NOTICE. BUILDING IS FHA APPROVED AND IS A NON PET BUILDING. OWNER OCCUPANCY RATE IS APPROXIMATELY 70%. NO RENTAL CAP. NO CURRENT SPECIAL ASSESSMENT. APPROXIMATE RESERVES ARE $725,965. ON-SITE MONTHLY VALET PARKING IS AVAILABLE FOR $165. IN-UNIT WASHER/DRYER IS NOT ALLOWED. COMCAST BASIC CABLE IS INCLUDED IN MONTHLY ASSESSMENT. PLEASE SEE ADDITIONAL INFORMATION FOR FLOOR PLAN, DISCLOSURES, BUILDING PROFILE, MONTHLY ASSESSMENT INCLUSIONS, AND SALES PACKET.		Central Air	Hot Water/Steam		Elevator, Wood Laminate Floors, Storage	No	Oven/Range, Microwave, Dishwasher, Refrigerator		Bike Room/Bike Trails, Door Person, Coin Laundry, Elevator, Exercise Room, Storage, On Site Manager/Engineer, Receiving Room, Service Elevator, Street Lights	Heat, Water, Gas, Common Insurance, Security, Doorman, TV/Cable, Exercise Facilities, Exterior Maintenance, Lawn Care, Scavenger, Snow Removal	LIEBERMAN	EADKA TIDWELL	(773) 348-2777	70	Yes		Wood Laminate					Wood Laminate			Wood Laminate	Carpet	Full	Carpet	14X11			15X13	21X15	9X8		9X8	No additional rooms		Combined w/ LivRm	Storms/Screens	04/04/2016	04/26/2016	04/26/2016	07/28/2016		Coldwell Banker Residential	10115	Nancy Gardner	129641	 		(312) 266-7000	04/04/2016	(312) 933-7484	@properties	16983	Jonathan Klemt	863384		2.5%-$325 (on Net SP)	None
AT	3440	N	Lake Shore	DR	9E	Chicago	Illinois	60657	8006	Cook		299	299	218	Condo, High Rise (7+ Stories)	19	1955	09298691	CLSD		189000	185000	185000	189000	Conventional	N/A	98%	98%	13	13	14213070471089				2178.76		2015	535	No		No	No		9		0	Not Reported					4	1	1	0	1	0	1		1	Attached	None	None	Recently renovated 1 bed/1 bath in fabulous Lakeview location.  Kitchen with new stainless steel appliances, granite and backsplash.  Spacious floorplan with tons of light.  Huge balcony off of living room.  Freshly painted and in wonderful condition.  Full amenity building with 24 hour doorman and gym.  Garage parking available for $165/month-no wait list.  Amazing location across from Belmont Harbor and close to dining, shops and nightlife.  Please note that this is a no pet building.	Please note:  This is a no pet building.  Storage unit is locker #65.		Central Air	Hot Water/Steam			No				Water, Gas, Common Insurance, Doorman, TV/Cable, Exercise Facilities, Exterior Maintenance, Lawn Care, Scavenger, Snow Removal	Lieberman Management Services	Eadka Tidwell	(773) 348-2777x1														None					14X10	22X13	10X09		09X08	No additional rooms				07/27/2016	08/08/2016	08/08/2016	09/19/2016		@properties	15694	Laura Rahilly	163193	 		(773) 862-0200	07/27/2016	(773) 490-0418	Citywide Real Estate	15473	Wen Li	881665		2.5%-$295 (on Net SP)	None
AT	3440	N	Lake Shore	DR	10A	Chicago	Illinois	60657	8006	Cook		299	299	218	Condo, High Rise (7+ Stories)	19	1955	09055238	CLSD		254900	237000	237000	254900	Cash	N/A	93%	93%	10	10	14213070471099				3848.63	None	2014	1162	No		No	No		10		1200	Estimated				E (East), Lake/Water	5	2	2	0	2	0	2		2	Attached	None	None	Glorious panoramic views of Lake Michigan & Belmont Harbor from every room of this spacious, move-in ready 2 bedroom, 2 bath unit!  Highly desirable A-Tier. Terrific layout with tons of natural light.  Endless closet space and additional storage space.  Kitchen and baths all beautifully updated- Bosch stainless appliances, marble/granite counters, mosaic tiles.  Motorized window treatments with remotes.  Enjoy a full amenity bldg with 24 door staff, exercise room, bike room, on site management & 2-car valet garage parking!  No Pets. No In-Unit Laundry.  Heat and gas included in assessment! Walk to nearby grocery stores, coffee shops, numerous restaurants and great shopping.  Lakefront and bus stop are just steps from your door.  Nettelhorst School District!	No Pets. No in-unit washer/dryer. Monthly leased garage parking- 1st car $165, 2nd car $185.  No current specials. Rentals allowed.		Central Air	Gas, Forced Air		Elevator, Storage	No	Oven/Range, Microwave, Dishwasher, High End Refrigerator, All Stainless Steel Kitchen Appliances		Bike Room/Bike Trails, Door Person, Coin Laundry, Elevator, Exercise Room, Storage, On Site Manager/Engineer, Service Elevator	Heat, Air Conditioning, Water, Gas, Common Insurance, Doorman, TV/Cable, Exercise Facilities, Exterior Maintenance, Lawn Care, Scavenger, Snow Removal	Lieberman	Eadka Tidwell	(773) 348-2777x1	70	Yes		Carpet					Porcelain Tile			Porcelain Tile	Carpet	Full	Carpet	17X11			20X15	23X15	19X8		COMBO	Foyer			Storms/Screens, Cable Access	10/03/2015	10/12/2015	10/12/2015	10/23/2015		Eric Marcus Real Estate Group	15899	Suzanne Rothenberg	841568	Suzanne Rothenberg	841568	(773) 244-1110	10/03/2015	(312) 402-8733	d'aprile properties	16240	Edyta Schell	188192	(773) 593-9687	2.5%-$295 (on Net SP)	None
AT	3440	N	Lake Shore	DR	12F	Chicago	Illinois	60657	8006	Cook		299	299	220	Condo, High Rise (7+ Stories)	22	1959	09148783	CLSD		175000	160000	160000	175000	Cash	N/A	91%	91%	16	16	14213070471132				1450.65	Homeowner	2014	598	No		No	No		12		800	Estimated				S (South), W (West), City	4	1	1	0	1	0	1		1	Attached	None	None	Spacious and sunny one bedroom in fantastic location! Enjoy city/sunset views from the large west-facing balcony-perfect for grilling! Walk to everything location, jogging/bike path/lakefront/Belmont Harbor as well as express bus stop at your doorstep! Easy stroll to Wrigley Field and the RED/BROWN line. Building amenities: doorman, bike area, and exercise facilities.Valet pkg for $165 a month.This is a no pet building.FHA approved building!Visitor Parking.	Building has many recent improvements including all new plumbing, windows, laundry, etc. No pets building. $680,000 in reserves. No special assessments.		Central Air	Gas, Forced Air			No	Oven/Range, Microwave, Dishwasher, Refrigerator		Bike Room/Bike Trails, Door Person, Coin Laundry, Elevator, Exercise Room, Storage, On Site Manager/Engineer, Receiving Room, Security Door Locks, Service Elevator	Heat, Air Conditioning, Water, Gas, Common Insurance, Doorman, TV/Cable, Exercise Facilities, Exterior Maintenance, Lawn Care, Scavenger, Snow Removal	Lieberman Management Services	Eadka Tidwell	(773) 348-2777x1	70	Yes												None					14X11	13X22	09X09		08X09	Balcony		Separate	Balcony	02/25/2016	03/11/2016	03/11/2016	04/28/2016		Berkshire Hathaway HomeServices KoenigRubloff	10900	Molly Boyd	144750	 		(312) 642-1400	02/25/2016	(312) 351-0782	Berkshire Hathaway HomeServices KoenigRubloff	4110	Maria Franks	37591	(847) 556-5850	2.5% - $325 (on Net SP)	None
AT	3440	N	LAKE SHORE	DR	7B	Chicago	Illinois	60657	8006	Cook		299	299	218	Condo	19	1955	09113762	CLSD		192000	182000	182000	192000	Conventional	N/A	95%	95%	90	26	14213070471058				1672	Homeowner	2014	690	No		No	No		7		0	Not Reported				E (East), Lake/Water	4	1	1	0	1	0	1	0	1	Attached	None	None	FEEL LIKE YOU'RE ON VACATION IN THE BEST 1-BEDROOM ON LAKE SHORE DRIVE! WATCH THE BOATS FROM YOUR LARGE TERRACE WITH UNOBSTRUCTED VIEWS OF THE PARK, HARBOR AND LAKE BEYOND. BEAUTIFUL CRISP NEUTRAL DÉCOR WITH GORGEOUS LIGHT HARDWOOD FLOORING THROUGHOUT, AMPLE CLOSET SPACE, DESIGNATED DINING AREA, WHITE KITCHEN, & TONS OF SUNLIGHT POURING IN THROUGHOUT. EXCLUSIVE LAKE SHORE DRIVE ADDRESS AND METICULOUSLY KEPT UNIT. 24-HOUR DOORMAN, GARAGE PARKING AVAILABLE ONSITE, WORKOUT ROOM, AND STORAGE. WALK TO SHOPS, CAFES, GROCERY, ETC. TRANSPORTATION AT YOUR DOORSTEP. MOVE RIGHT IN!	Strong reserves and very well managed building! No specials. No pets allowed. Extra storage locker, management on site, 24 hour doorman, exercise facilities,		Central Air	Gas			No	Oven/Range, Microwave, Dishwasher, Refrigerator		Bike Room/Bike Trails, Door Person, Coin Laundry, Elevator, Exercise Room, Storage, On Site Manager/Engineer, Service Elevator	Heat, Air Conditioning, Water, Gas, Common Insurance, Security, Doorman, TV/Cable, Exercise Facilities, Exterior Maintenance, Lawn Care, Scavenger, Snow Removal	Lieberman	Eadka Tidwell	(773) 348-2777		Yes							Hardwood			Ceramic Tile	Hardwood	None	Carpet				15X12	21X14	10X08		9X9	No additional rooms		Separate	Balcony	01/11/2016	02/05/2016	02/05/2016	03/22/2016		Berkshire Hathaway HomeServices KoenigRubloff	84215	Brad Lippitz	126952	Brittany Shapiro	868144	(773) 404-1144	01/11/2016		Berkshire Hathaway HomeServices KoenigRubloff	14470	Kenneth Marier	110814	(312) 305-3600	2.5%-$325 (on Net SP)	None
AT	3440	N	Lake Shore	DR	15A	Chicago	Illinois	60657	8006	Cook		299	299	220	Condo, High Rise (7+ Stories)	19	1955	09484928	CLSD		284900	250000	250000	284900	Conventional	N/A	88%	88%	60	23	14213070471154				4094.38	Homeowner	2015	1229	No		No	No		15		0	Not Reported	0		0	N (North), S (South), E (East)	5	2	2	0	2	0	2		1	Attached	Full	Finished	RARELY AVAILABLE 2 BEDROOM / 2 BATH PREMIER CORNER TIER ON HIGH FLOOR. LONG, HARDWOOD ENTRYWAY TO UNIT W/ NICHE FOR PLANNING DESK, ECT. HUGE LIVING ROOM / DINING AREA WITH AMAZING UNOBSTRUCTED VIEWS OF LAKE, BELMONT HARBOR, AND LAKE SHORE DRIVE! REMODELED KITCHEN WITH WALL REMOVED SO YOU CAN ENJOY VIEWS FROM EVERYWHERE!!! UPGRADED PLUMBING AND ELECTRICAL TOO! MASTER SUITE W/ PRIVATE BATH, WALK-IN CLOSET W/ ADDITIONAL WINDOW. BUILT-IN OFFICE DESK AND SHELVING UNIT. SECOND BEDROOM FEATURES BUILT-IN CABINETRY / DRESSERS. EXTREMELY WELL MANAGED, FULL SERVICE BUILDING W/ 24 HR DOORMAN. MONTHLY VALET PARKING IMMEDIATELY AVAILABLE. STORAGE ROOM. LAUNDRY, BIKE AND EXERCISE ROOM! PRICED TO SELL!!! PREFER CLOSING END OF JANUARY/FEBRUARY. CALL AGENT FOR DETAILS...	ESTATE SALE.  PLEASE CALL GLENN AT 847-791-4536 WITH ANY QUESTIONS.		Central Air	Gas, Forced Air			No	Oven/Range, Microwave, Dishwasher, Refrigerator		Bike Room/Bike Trails, Door Person, Coin Laundry, Elevator, Exercise Room, Storage, Service Elevator, Curbs/Gutters, Sidewalks, Street Lights, Street Paved	Heat, Air Conditioning, Water, Gas, Common Insurance, Doorman, TV/Cable, Exercise Facilities, Exterior Maintenance, Lawn Care, Scavenger, Snow Removal	Lieberman Management Services	Eadka Tridwell	(773) 348-2777	70													Full		14X11			16X12	22X14	9X8		10X8	Foyer		Separate		01/24/2017	02/15/2017	02/15/2017	04/06/2017		Coldwell Banker Residential Brokerage	8256	Glenn Brezka	82262	 		(847) 541-5000	01/24/2017	(847) 791-4536	AP Realty Chicago	18150	Andrew Marsh	136307	(773) 248-8800	2.5% -$295 (on Net SP)	None
AT	3440	N	Lake Shore	DR	4C	Chicago	Illinois	60657	8006	Cook		299	299	219	Condo, High Rise (7+ Stories)	1	1967	09474431	CLSD		180000	170000	170000	180000	Conventional	N/A	94%	94%	161	65	14213070471017	No			2497.80	None	2015	695	No		No	No		4		800	Estimated	0		0	S (South), E (East), Lake/Water, Park	4	1	1	0	1	0	1		2	Attached	None	None	Beautiful Belmont Harbor views from this 1bed/1bath in prime Lakeview. Large living room and dining room combo with new wood laminate flooring. Kitchen features updated appliances granite counter-tops and newer maple cabinets. Large master bedroom with wood laminate flooring. Newly updated bathroom. Unit has been freshly painted. Recently upgraded electric and plumbing throughout including upgraded fixtures in kitchen and bath. Full amenity building features fitness center, 24 hour door person, on-site laundry and bike room. Parking available for rent in attached heated parking garage.	Rental parking $165/month. Rentals allowed/ 12 month minimum lease required/ no rental cap/ 30% currently leased.  Reserves- $829,176.  Board approval required for all sales/ board meets once per month. $500 transfer fee/ $250 moving damage deposit. Floor plan under additional information.		Central Air	Gas, Forced Air		Elevator, Storage	No	Oven/Range, Microwave, Dishwasher, Refrigerator		Bike Room/Bike Trails, Door Person, Coin Laundry, Elevator, Exercise Room, Storage, On Site Manager/Engineer, Receiving Room	Heat, Water, Gas, Common Insurance, Doorman, TV/Cable, Exercise Facilities, Exterior Maintenance, Lawn Care, Scavenger, Snow Removal	Lieberman Management	Eadka Tidwell	(773) 348-2777x1		Yes							Wood Laminate			Ceramic Tile	Wood Laminate	None	Wood Laminate				15X12	22X23	9X8		COMBO	No additional rooms			Storms/Screens	01/10/2017	03/15/2017	03/15/2017	04/14/2017		Baird & Warner	10274	Millie Rosenbloom	107552	 		(773) 697-5555	01/10/2017	(312) 980-1517	Keller Williams Chicago-Lincoln Park	86580	Alex Wolking	884417	(312) 343-1039	2.5%-$300 (on Net SP)	None
AT	3440	N	LAKE SHORE	DR	5F	Chicago	Illinois	60657	8006	Cook		299	299	218	Condo, High Rise (7+ Stories)	19	1955	09581732	A/I	A/I	159900	159900		159900					17	17	14213070471034	No			2117.78	None	2015	589	No		No	No		5		0	Not Reported	0		0	W (West)	4	1	1	0	1	0	1		2	Attached	None	None	Spacious and bright west facing 1 bedroom in fantastic Lakeview East location.  Abundant closet space and additional storage. Separate dining area. Enjoy easy living in this well maintained high rise steps from the lake.  A full amenity building with 24 hours door staff, exercise room, bike storage, on site management & 2-car valet garage parking! Heat, gas and cable (HBO!) included in the assessments. Walk to Mariano's/Jewel, coffee shops, fantastic restaurants & shopping on Broadway.  Bus stop literally outside the front door. No pets.  No In-Unit laundry. Nettelhorst School District! Investor friendly.	No Pets.  No in-unit washer/dryer.  Monthly leased garage parking.  1st car $165, 2nd car $185.  Per management no current specials.  Healthy reserves.  Rentals allowed.  48 hours notice required.		Central Air	Forced Air, Indv Controls		Elevator, Storage	No	Oven/Range, Microwave, Dishwasher, Refrigerator		Bike Room/Bike Trails, Door Person, Coin Laundry, Elevator, Exercise Room, Storage, On Site Manager/Engineer, Receiving Room, Service Elevator	Heat, Air Conditioning, Water, Gas, Common Insurance, Doorman, TV/Cable, Exercise Facilities, Exterior Maintenance, Lawn Care, Scavenger, Snow Removal	Lieberman Management	Eadka Tidwell	(773) 348-2777x1	70	Yes							Carpet			Ceramic Tile	Carpet	None	Carpet				16X11	22X14	9X8		9X8	Foyer	Soaking Tub	L-shaped	Storms/Screens, Cable Access	04/01/2017	04/10/2017				Eric Marcus Real Estate Group	15899	Eric Marcus	141587	Suzanne Rothenberg	841568	(773) 244-1110	04/01/2017	(773) 244-1110						2.5%-$295 (on Net SP)	None
AT	3440	N	LAKE SHORE	DR	6F	Chicago	Illinois	60657	8006	Cook		299	299	219	Condo, High Rise (7+ Stories)		1955	06488801	CLSD		214900	205000	205000	214900	FHA		95%	95%	22	22	14213070471048				1133	Homeowner	2005	426	No		No			6		0	Not Reported				W (West), City	4	1	1	0	1		1	0	1		None	None	BRIGHT, BEAUTIFUL AND SPACIOUS 1 BEDROOM IN STYLISH HIGH RISE. HUGE LIVING RM AND SEPARATE DINING AREA. THIS HOME HAS OPEN WESTERN CITYSCAPE VIEWS. BRAND NEW HARDWOOD FLOORS THROUGHOUT. A CONTINUOUS WALL OF  NEWER WINDOWS ADDS TO THE HOME'S CLASSIC MID-CENTURY APPEAL. A  BALCONY TOO! STAINLESS APPL IN KITCHEN, UPDATED BATH. CLEAN, SLEEK  & READY TO MOVE INTO. GREAT UNIT IN A GREAT BUILDING IN AN EVEN BETTER LOCATION!			Central Air	Gas, Forced Air				Oven/Range, Dishwasher, Refrigerator		Door Person, Elevator, Exercise Room	Heat, Air Conditioning, Water, Common Insurance, Doorman, TV/Cable, Exercise Facilities, Lawn Care, Scavenger, Snow Removal												Hardwood	TV-Cable		Hardwood	Hardwood	None	Hardwood				14X11	13X21	9X8		8X8			L-shaped	Balcony, Storms/Screens	04/22/2007	05/13/2007	05/13/2007	07/03/2007		Realty Chicago	14189	Don Friedman	120799	 		(773) 944-5800	04/23/2007	(312) 699-1214	The Hudson Company	3638	Dina Davis	36017	(847) 239-0913	2.5-$150	None
AT	3440	N	Lake Shore	DR	10A	Chicago	Illinois	60657	8006	Cook		299	299	219	Condo, High Rise (7+ Stories)		1955	07730127	CLSD		219900	185000	185000	219900	Cash	N/A	84%	84%	59	59	14213070471099				875	Senior	2009	1033	No		No	No		10		0	Not Reported				E (East), Lake/Water, Park	5	2	2	0	2	0	2		2	Attached	None	None	Spectacular views of Lake & Belmont Harbor from every room in this rarely available 2BR,2Bath A-Tier unit!Prepare to be wowed by the million dollar views.Great light and space!Terrific layout with tons of closet space. All this in a great updated full amenity bldg w/24 door staff & 2-car heated gar prkg on site -no wait! Shopping, restaurants & lakefront are just steps from your door.	This unit has not been recently updated..... but it's in incredible condition and is priced below market value. The building has ample reserves and is in great condition. No pets allowed.		Central Air, Zoned	Gas, Forced Air		Storage	NO	Oven/Range, Refrigerator		Bike Room/Bike Trails, Door Person, Elevator, Exercise Room, Storage, On Site Manager/Engineer	Heat, Air Conditioning, Gas, Common Insurance, Doorman, TV/Cable, Exercise Facilities, Exterior Maintenance, Lawn Care, Scavenger, Snow Removal							Carpet					Carpet			Carpet	Carpet	Full	Carpet	14X11			16X12	22X16	9X8		10X8	No additional rooms		L-shaped		02/12/2011	04/11/2011	04/11/2011	05/18/2011		Baird & Warner	10273	Michael Hall	111699	 		(773) 549-1855	02/12/2011	(773) 710-3990	@properties	17665	Dee Springer	106277	(773) 294-3466	2.5%-$275 (on Net SP)	None
AT	3440	N	LAKE SHORE	DR	14C	Chicago	Illinois	60657	8006	Cook		299	299	219	Condo, High Rise (7+ Stories)	1	1967	07836660	CLSD		144900	130000	130000	135000	Cash	S	96%	90%	191	42	14213070471143				2893.56	None	2010	560	No		Unknown	No		1		800	Estimated				S (South), E (East), Lake/Water, Park	4	1	1	0	1	0	1		1	Attached	None	None	VIEWS OF LAKE & BELMONT HARBOR FROM 14th Floor. 1BR/1BA, LAKE FACING BALCONY. FULL AMENITY BLDG w/24h DOORMAN... Exercize Rm, Extra storage, Bike Room, ...GREAT LOCATION!!! EXPRESS BUS TO DOWNTOWN, SHOPPING, RESTAURANTS.... LAKEFRONT BUILDING...NEAR: PARK, GOLF, RUN/WALK PATH, TENNIS COURTS... READY FOR YOUR TLC! Must sell! Bring back up offers!	CC: Pursuant to Short Sale. SHORT SALE		Central Air	Gas, Forced Air		Elevator, Storage	No			Bike Room/Bike Trails, Door Person, Coin Laundry, Elevator, Exercise Room, Storage, On Site Manager/Engineer, Receiving Room	Heat, Air Conditioning, Water, Gas, Common Insurance, Doorman, TV/Cable, Exercise Facilities, Exterior Maintenance, Lawn Care, Scavenger, Snow Removal	Lieberman	Alexis Besbekos	(773) 348-2777		Yes												None					15X12	20X15	10X7		9X9	No additional rooms			Storms/Screens	06/18/2011	07/29/2011	07/29/2011	06/14/2012		RE/MAX City	17299	Tamara Vesna, ABR,e-PRO,SFR	129627	 		(773) 775-0600	06/18/2011	(773) 775-0600x120	RE/MAX City	17299	Henry Sakowski	113404	(773) 745-1000	2,5% -$120 (on Net SP)	Short Sale
AT	3440	N	Lake Shore	DR	17C	Chicago	Illinois	60657	8006	Cook		299	299	220	Condo	20	1955	08013919	CLSD		175000	166500	166500	175000	Cash	N/A	95%	95%	1	1	14213070471184				2959.29	None	2010	651	No		No	No		17		850	Estimated				E (East), Lake/Water	4	1	1	0	1	0	1		1	Attached	None	None	SOLD BEFORE PRINT.			Central Air	Gas, Forced Air			No	Oven/Range, Microwave, Dishwasher, Refrigerator		Bike Room/Bike Trails, Coin Laundry, Elevator, Exercise Room, Storage, On Site Manager/Engineer, Receiving Room	Heat, Air Conditioning, Water, Gas, Common Insurance, Doorman, TV/Cable, Exercise Facilities, Exterior Maintenance, Lawn Care, Scavenger, Snow Removal	Liberman	Ms. Tidwell	(773) 348-2777		Yes							Hardwood			Stone	Hardwood	None	Carpet				15X12	20X15	10X07		09X09	No additional rooms		Separate		03/09/2012	03/09/2012	03/09/2012	04/30/2012		CG Realty Group Ltd	14897	Steven Glick	123351	 		(773) 573-0101	03/09/2012	(773) 573-0105	CG Realty Group Ltd	14897	Steven Glick	123351	(773) 573-0105	2.5% -$150 (on Gross SP)	None
AT	3440	N	LAKE SHORE	DR	16F	Chicago	Illinois	60657	8006	Cook		299	299	220	Condo, High Rise (7+ Stories)	27	1955	08090015	CLSD		128000	115000	115000	128000	Conventional	N/A	90%	90%	31	31	14213070471173				2454	None	2010	575	No		No	No		16		800	Other				S (South), W (West), City	4	1	1	0	1	0	1		1	Attached	None	None	Well priced top floor spacious 1 bedroom Short Sale across from Belmont Harbor. Enjoy city views from large west facing balcony. Assessments include gas, heat, C/A, basic cable and more. Walk to everything location, jogging/bike path as well as bus stop at your doorsteps! Building amenities incl doorman, bike area, and exercise facilities. Valet pkg for $150 a month. This is a no pet building. FHA approved building!	48 HR REQUIRED FOR ALL SHOWINGS, RENTER REQUIRED TO BE GIVEN 60 DAYS NOTICE FOR MOVE OUT.    BUILDING IS FHA APPROVED.		2 (Window/Wall Unit)	Gas, Forced Air			No	Oven/Range, Dishwasher, Refrigerator		Bike Room/Bike Trails, Door Person, Coin Laundry, Elevator, Exercise Room, On Site Manager/Engineer, Receiving Room, Security Door Locks, Service Elevator	Heat, Air Conditioning, Water, Gas, Common Insurance, Doorman, TV/Cable, Exercise Facilities, Exterior Maintenance, Lawn Care, Scavenger, Snow Removal, Other	Lieberman Mgmt Services	Eadka Tidwell	(773) 348-2777x1		Yes							Carpet			Stone	Carpet	None	Carpet				14X11	13X22	09X09		08X09	Balcony		Separate	Balcony	06/12/2012	07/12/2012	07/12/2012	11/29/2012		@properties	84025	Yvette DuPree	114700	 		(773) 432-0200	06/12/2012	(773) 432-0200	Century 21 American Sketchbook	2535	Michael Rein	12987	(847) 208-4189	2.5%-$250 (on Net SP)	None
AT	3440	N	LAKE SHORE	DR	8B	Chicago	Illinois	60657	8006	Cook		299	299	220	Condo, High Rise (7+ Stories)	20	1955	08140976	CLSD		137800	129000	129000	137800	Cash	S	94%	94%	25	25	14213070471072				2204.86	None	2011	625	No		No	No		8		875	Landlord/Tenant/Seller				N (North), E (East), Lake/Water	4	1	1	0	1	0	1	0	1	Attached	None	None	FHA APPROVED! BANK APPROVED PRICE! HUGE UPGRDED LAKE VIEW 1 BED/1 BATH WITH UNOBSTRCTED LAKE/HARBOR VIEWS IN HIGH AMENITY BUILDING ON LAKE SHRE DRVE! LARGE FOYER OPENS TO X-WIDE LIVING & DINING ROOMS AND PRIVATE DECK; CRISP ALL WHITE KTCHN, HW FLRS T/O, RENOV GRNT/CHRY BATH W/VESSEL SINK, & GIANT BDRM W/TONS OF CLOSET SPACE; ASM INCL ALL BUT ELEC; 24/7 DRMN, GYM, LDRY, CLOSE TO PUB TRANSPO;RNTL PRKG AVAIL;SHORT SALE	CC: Pursuant to Short Sale. BANK APPROVED PRICE! FHA APPROVED BLDG;ONLY ONE LENDER & SHORT SALE PROCESS ALREADY BEGUN WITH EXPERIENCED SHORT SALE TEAM INVOLVED; BANK APPROVES PRICE; FOR INTERACTIVE FLOORPLAN PLEASE SEE VIRTUAL TOUR LINK		Central Air	Gas		Wood Laminate Floors, 1st Floor Bedroom, 1st Floor Full Bath, Storage	No	Oven/Range, Microwave, Dishwasher, Refrigerator, Freezer		Bike Room/Bike Trails, Door Person, Coin Laundry, Elevator, Exercise Room, Storage, On Site Manager/Engineer, Receiving Room, Service Elevator, Curbs/Gutters, Sidewalks, Street Lights, Street Paved	Heat, Air Conditioning, Water, Gas, Common Insurance, Security, Doorman, TV/Cable, Exercise Facilities, Exterior Maintenance, Lawn Care, Scavenger, Snow Removal	LIBERMAN MANAGEMENT SERVICES	EADKA TIDWELL	(773) 348-2777x1		Yes							Wood Laminate	Intercom, CO Detectors		Ceramic Tile	Wood Laminate	None	Wood Laminate				13X12	21X14	08X08		10X08	Deck, Foyer		Separate	Deck	08/19/2012	09/12/2012	09/12/2012	04/12/2013		Berkshire Hathaway HomeServices KoenigRubloff	14035	Mario Greco	113690	Alex Nettey	170729	(773) 687-4663	08/19/2012	(773) 687-4696	Pearson Realty Group	84674	Barb Steinhauser	189942	(773) 294-8984	2.5%- $325 (on Net SP)	Short Sale
AT	3440	N	LAKE SHORE DRIVE		3D	Chicago	Illinois	60657	8006	Cook		299	299	220	Condo		1955	06222108	CLSD		275000	270000	270000	275000	Conventional		98%	98%	162	162	14213070471004				3439	Homeowner, Senior	2005	733	No		No			3		0	Not Reported					5	2	2	0	2		2		1	Attached	None	None	BRIGHT AND SUNNY NE CORNER UNIT WITH FANTASTIC VIEWS OF THE LAKE! NEWER KITCHEN W/STAINLESS APPLIANCES OPENS TO LRG LIVING/DINING RM. PARQUET HDWD FLRS THROUGHOUT. NEWER LIGHTING. 2 LRG BDRMS W/TREE TOP VIEWS OVER NEIGHBORHOOD. IMMEDIATE GAR PKG! 24HR DOORMAN. WALK TO EVERYTHING LOCATION!			Central Air	Gas, Forced Air				Oven/Range, Microwave, Dishwasher, Refrigerator		Door Person, Coin Laundry, Elevator, Storage	Heat, Air Conditioning, Water, Common Insurance, Doorman, TV/Cable, Scavenger							Hardwood					Hardwood			Hardwood	Hardwood	Y	Hardwood	14X11			15X12	21X14	09X08		09X08			L-shaped	End Unit	07/25/2006	01/02/2007	01/02/2007	02/26/2007		Coldwell Banker Residential	10115	Lee Cherney	107196	 		(312) 266-7000	07/25/2006	(312) 254-0340	Baird & Warner	11000	Jamie Murphy	110813	(312) 981-2322	2.5%-100	None
AT	3440	N	LAKE SHORE DRIVE		12B	Chicago	Illinois	60657	8006	Cook		299	299	220	Condo, High Rise (7+ Stories)		1957	06272837	CLSD		226000	214000	214000	223000	Conventional		96%	95%	126	126	14213070471128				2492.82	Homeowner	2005	522	Yes		No			12		0	Not Reported				E (East)	4	1	1	0	1		1	0	1	Attached	None		ENJOY LAKEFRONT LIVING WITH LOVELY HARBOR PARK & LAKE VIEWS FROM YOUR PRIVATE BALCONY.THIS HOME OFFERS AN ATTRACTIVE UPDATED KITCHEN & BATH,SEP DINING & PLENTY OF CLOSETS.SOLID BLDG W/NEWER HVAC,ELEVATORS,WINDOWS & BAL.ASSM INCL.HEAT,AIR,CABLE,DOOR,STAFF.PARKING AVAIL FOR RENT.GREAT VIBRANT NEIGHBORHOOD W/GREAT RESTAURANTS,SHOPS,LAKE & TRANS.			Central Air, 2 (Window/Wall Unit)	Radiant, Indv Controls				Microwave, Dishwasher, Refrigerator		Door Person, Coin Laundry, Elevator, Storage, On Site Manager/Engineer, Security Door Locks, Valet/Cleaner	Heat, Air Conditioning, Water, Gas, Common Insurance, Doorman, Exterior Maintenance, Lawn Care, Scavenger, Snow Removal												Carpet	TV-Cable		Ceramic Tile	Carpet	None	Carpet				12X12	14X21	9X7		8X7	Other		L-shaped	Balcony, End Unit	09/08/2006	01/11/2007	01/11/2007	02/27/2007		Coldwell Banker Residential	10115	Violet Sudler	131238	 		(312) 266-7000	09/08/2006	(312) 915-4709	Jon Levey	16499	Jon Levey	148616	(312) 523-9032	2.5%-$100	None
AT	3440	N	Lake Shore Drive		8E	Chicago	Illinois	60657	8006	Cook		299	299	202	Condo, High Rise (7+ Stories)			06306661	CLSD		189000	184500	184500	189000	Conventional		98%	98%	114	114	14213070471075	No			2204	None	2005	412	No		No			8		800					W (West), City	4	1	1	0	1		1		2	Attached	None	None	Spacious 1 br w/large balcony in best Lakeview neighborhood. New windows & hvac. Open floorplan w/sep dining area. Very bright w/walls of windows. Abundant closet space,freshly painted. Beautiful sunset & tree line views. Just steps to lake,dining,shops,etc. Full amenity bldg: drman,gym,gar parking no waiting list. Must see.			Central Air	Gas, Forced Air						Bike Room/Bike Trails, Door Person, Coin Laundry, Elevator, Exercise Room, Storage, On Site Manager/Engineer, Receiving Room, Security Door Locks, Sidewalks, Street Lights, Street Paved	Heat, Air Conditioning, Water, Gas, Common Insurance, Security, Doorman, TV/Cable, Exercise Facilities, Exterior Maintenance, Lawn Care, Scavenger, Snow Removal, Other												Carpet	Humidifier, TV-Cable		Vinyl	Carpet	None	Carpet				14X11	21X13	09X08		09X08				Balcony, Storms/Screens	10/10/2006	01/31/2007	01/31/2007	02/27/2007		Berkshire Hathaway HomeServices KoenigRubloff	10317	Eva Lakomiec	133320	 		(312) 368-5300	10/10/2006	(312) 287-5898	Berkshire Hathaway HomeServices KoenigRubloff	14470	Eva Lakomiec	133320	(312) 287-5898	2.5%-$175	None
AT	3440	N	Lake Shore	DR	18A	Chicago	Illinois	60657	8006	Cook		299	299	220	Condo	20	1955	08242113	CLSD		379900	290000	290000	299900	Conventional	N/A	97%	76%	252	252	14213070471196				$4,621	Homeowner	2012	1504	No		No	No		18	3 BR CONVERTED TO XL 2BR	1700	Landlord/Tenant/Seller				N (North), S (South), E (East), City, Lake/Water	6	3	3	0	2	1	2.1		1	Attached	None	None	AWESOME LAKE AND BELMONT HARBOR VIEWS FROM THIS HIGH FLOOR (1700 SQ.FT) 3BR/2.1 BTH SPACIOUS HOME. 3RD BEDROOM CURRENTLY USED AS DEN/XL LIVING ROOM, GENEROUS CLOSETS. BEAUTIFUL BRAZILIAN CHERRY FLOORING. TWO MASTER BEDROOMS (EACH HAS ITS OWN PRIVATE BATH). THIS HOME IS IN EXCELLENT CONDITION WITH SOME RETRO TOUCHES. ASSESSMENTS INCLUDE HEAT, AIR, CABLE, GAS, GYM. PARKING (leased/valet) IS AVAILABLE. FHA/VA  APPROVED!	FHA approved building! 24 hour notice required. Please call main listing office @ 847-336-7333. THIS VIEW IS AWESOME!!!! Relocation riders required, give adequate time on offer for corporate acceptance.		Central Air	Gas, Indv Controls		Hardwood Floors	No			Door Person, Coin Laundry, Elevator, Storage, Curbs/Gutters, Gated Entry, Sidewalks, Street Lights, Street Paved	Heat, Air Conditioning, Water, Gas, Common Insurance, Security, Doorman, TV/Cable, Exterior Maintenance, Lawn Care, Scavenger, Snow Removal	Lieberman Management	Eadka Tidwell	(773) 348-2777x1		Yes		Hardwood	Hardwood				Hardwood				Hardwood	Full	Hardwood	12X12	14X11		16X12	22X14	09X07		09X08	No additional rooms		Separate		01/03/2013	09/11/2013	09/11/2013	10/24/2013		Century 21 Affiliated	85078	Glen Tomlinson, GRI,SRES	126753	 		(773) 275-0300	01/03/2013	(773) 807-1109	Cunningham Realty	14634	Karen Parker	129104	(773) 763-8205	2.5%-$250 (on Net SP)	None
AT	3440	N	LAKE SHORE	DR	5F	Chicago	Illinois	60657	8006	Cook		299	299	220	Condo, High Rise (7+ Stories)			06417722	CLSD		194900	185000	185000	194900	Conventional		95%	95%	18	18	14213070471034				1113.60		2005	424	No		No			5		0	Not Reported				W (West)	4	1	1	0	1		1		2		None		BEAUTIFUL, REMODELED 1BED WITH TERRIFIC FLOOR PLAN. NEWLY RENOVATED KITCHEN & TOTALLY BRAND NEW BATH WITH STONE TILES. NEW BERBER CARPET. SEPARATE DINING AREA. NO WAIT FOR PARKING. ASSESS. INCLUDES: HEAT, AIR, BASIC CABLE, EXERCISE ROOM. SORRY, NO PETS. EASY TO SHOW.			Central Air	Forced Air, Zoned				Oven/Range, Microwave, Dishwasher, Refrigerator		Door Person, Coin Laundry, Elevator, Exercise Room, Storage, On Site Manager/Engineer	Heat, Air Conditioning, Water, Common Insurance, Doorman, TV/Cable, Exercise Facilities, Exterior Maintenance, Lawn Care, Scavenger, Snow Removal															Ceramic Tile	Carpet	None	Carpet				11X14	13X21	8X9		8X8			L-shaped	Storms/Screens	02/21/2007	03/10/2007	03/10/2007	03/29/2007		RE/MAX City	17299	Anna Gorka	106490	 		(773) 775-0600	02/21/2007	(773) 443-1927	@properties	17665	Dee Springer	106277	(773) 294-3466	2.5-$185	None
AT	3440	N	Lake Shore	DR	8G	Chicago	Illinois	60657	8006	Cook		299	299		Condo, High Rise (7+ Stories)		1968	06869624	CLSD		275000	262500	262500	275000	Conventional		95%	95%	80	80	14213070471077	No			3459.29	Homeowner	2006	733	No		No			8		0	Not Reported				E (East), W (West), City, Lake/Water, Park	5	2	2	0	2		2		2	Attached	Full, Walkout		Spectacular views of Lake & Belmont Harbor from this 2BR/2BA unit in an updated full amenity building w/24HR doorman. Features a large living room, separate dining area off kitchen, master suite & tons of closet space. Tennis, golf, shopping, restaurants & the lakefront are all just steps from your door. 2 car garage parking available on site, no waiting list.			Central Air	Gas, Forced Air, Indv Controls		Storage		Oven/Range, Microwave, Refrigerator		Bike Room/Bike Trails, Door Person, Coin Laundry, Elevator, Exercise Room, Storage, On Site Manager/Engineer	Heat, Air Conditioning, Water, Gas, Common Insurance, Security, Doorman, TV/Cable, Exercise Facilities, Exterior Maintenance, Lawn Care, Scavenger, Snow Removal							Carpet						TV-Cable		Ceramic Tile		Full	Carpet	14X11			16X12	22X15	9X8		10X8			Combined w/ LivRm	Storms/Screens	04/21/2008	07/09/2008	07/09/2008	07/31/2008		Baird & Warner	10273	Michael Hall	111699	 		(773) 549-1855	04/21/2008	(773) 710-3990	Weichert,Realtors-FirstChicago	14681	Carrie Glista	109266	(312) 927-2711	2.5%-$150	None
